"fish.species","contrast","mean_estimate","lower_95","upper_95","p_below_0","p_above_0","prop_significant","median_p_value"
"Bluespine Unicornfish","H.discoidea.delta.wt.g - A.spicifera.delta.wt.g",-0.482440041222562,-0.602813107219791,-0.391010331733654,1,0,0,0.358494477056939
"Bluespine Unicornfish","H.discoidea.delta.wt.g - E.denticulatum.delta.wt.g",-0.114633969970864,-0.247228563212042,-0.01666134392546,1,0,0,0.992618813129377
"Bluespine Unicornfish","H.discoidea.delta.wt.g - G.salicornia.delta.wt.g",-0.384630355633251,-0.500884555120069,-0.291828602307474,1,0,0,0.570168720423794
"Bluespine Unicornfish","A.spicifera.delta.wt.g - E.denticulatum.delta.wt.g",0.367806071251698,0.316939823548903,0.409566402522925,0,1,0,0.518268207546506
"Bluespine Unicornfish","A.spicifera.delta.wt.g - G.salicornia.delta.wt.g",0.097809685589311,0.0746518656514899,0.12872462749412,0,1,0,0.983223306900803
"Bluespine Unicornfish","E.denticulatum.delta.wt.g - G.salicornia.delta.wt.g",-0.269996385662387,-0.309373854250682,-0.217794474138907,1,0,0,0.736653642928133
"Bullethead Parrotfish","H.discoidea.delta.wt.g - A.spicifera.delta.wt.g",-0.393185730334697,-0.470220826696713,-0.263593512466062,1,0,0.986,0.000312708383690574
"Bullethead Parrotfish","H.discoidea.delta.wt.g - E.denticulatum.delta.wt.g",0.086447227740506,0.00811830069111435,0.196681924123739,0.013,0.987,0,0.84383545445786
"Bullethead Parrotfish","H.discoidea.delta.wt.g - G.salicornia.delta.wt.g",-0.201913304929299,-0.275385224813197,-0.100265529933625,1,0,0.121,0.140658486811412
"Bullethead Parrotfish","A.spicifera.delta.wt.g - E.denticulatum.delta.wt.g",0.479632958075203,0.425758470675588,0.527586951093105,0,1,1,1.69103646566748e-05
"Bullethead Parrotfish","A.spicifera.delta.wt.g - G.salicornia.delta.wt.g",0.191272425405397,0.148599594260055,0.225801300591897,0,1,0,0.198216546376957
"Bullethead Parrotfish","E.denticulatum.delta.wt.g - G.salicornia.delta.wt.g",-0.288360532669805,-0.335130385701702,-0.239667515631919,1,0,0.922,0.0185171140179508
"Convict Tang","H.discoidea.delta.wt.g - A.spicifera.delta.wt.g",-0.619308301317587,-0.653532141325717,-0.577095178008128,1,0,1,1.2405371808355e-05
"Convict Tang","H.discoidea.delta.wt.g - E.denticulatum.delta.wt.g",0.117098914210941,0.08199960445635,0.158801803785089,0,1,0,0.774034153593564
"Convict Tang","H.discoidea.delta.wt.g - G.salicornia.delta.wt.g",0.0156710539857112,-0.0452420436439538,0.0774001684602699,0.318,0.682,0,0.996732868270766
"Convict Tang","A.spicifera.delta.wt.g - E.denticulatum.delta.wt.g",0.736407215528527,0.698779208295829,0.779097295865728,0,1,1,2.19338125773128e-07
"Convict Tang","A.spicifera.delta.wt.g - G.salicornia.delta.wt.g",0.634979355303298,0.563785179944869,0.703664829849758,0,1,1,7.2482844165056e-06
"Convict Tang","E.denticulatum.delta.wt.g - G.salicornia.delta.wt.g",-0.101427860225229,-0.162596297113969,-0.0453295943863799,1,0,0,0.841349205529607
"Palenose Parrotfish","H.discoidea.delta.wt.g - A.spicifera.delta.wt.g",-0.715817565513613,-0.820015678247022,-0.564479458473749,1,0,1,5.44086829434853e-06
"Palenose Parrotfish","H.discoidea.delta.wt.g - E.denticulatum.delta.wt.g",0.0926438878927179,-0.0485412840225147,0.246597375620131,0.109,0.891,0,0.909184896509794
"Palenose Parrotfish","H.discoidea.delta.wt.g - G.salicornia.delta.wt.g",-0.220327957337789,-0.335467544182309,-0.0702315543854885,1,0,0.005,0.364088961656529
"Palenose Parrotfish","A.spicifera.delta.wt.g - E.denticulatum.delta.wt.g",0.808461453406331,0.69843943064818,0.902116012188154,0,1,1,3.26532345773511e-07
"Palenose Parrotfish","A.spicifera.delta.wt.g - G.salicornia.delta.wt.g",0.495489608175824,0.426608507924005,0.579357650207377,0,1,1,0.00273836964931268
"Palenose Parrotfish","E.denticulatum.delta.wt.g - G.salicornia.delta.wt.g",-0.312971845230507,-0.412203545749911,-0.202712999524441,1,0,0.244,0.105358427805787
"Sailfin tang","H.discoidea.delta.wt.g - A.spicifera.delta.wt.g",-0.695251404593809,-0.728806232262631,-0.655279245230324,1,0,1,4.55328108550646e-10
"Sailfin tang","H.discoidea.delta.wt.g - E.denticulatum.delta.wt.g",-0.00790303728767416,-0.0493581014633627,0.0339563478416138,0.643,0.357,0,0.99749268538184
"Sailfin tang","H.discoidea.delta.wt.g - G.salicornia.delta.wt.g",-0.151212825228516,-0.193702104424503,-0.106587759135294,1,0,0,0.298065625237365
"Sailfin tang","A.spicifera.delta.wt.g - E.denticulatum.delta.wt.g",0.687348367306135,0.657838825690567,0.718342513476704,0,1,1,4.64833838087486e-10
"Sailfin tang","A.spicifera.delta.wt.g - G.salicornia.delta.wt.g",0.544038579365293,0.509039480318529,0.579364958051055,0,1,1,6.48051967644392e-08
"Sailfin tang","E.denticulatum.delta.wt.g - G.salicornia.delta.wt.g",-0.143309787940842,-0.184128329111444,-0.10242224716207,1,0,0,0.34736952496732
"Yellowfin Surgeonfish","H.discoidea.delta.wt.g - A.spicifera.delta.wt.g",-0.581644384189498,-0.626196377210224,-0.520171162572086,1,0,1,1.73094771516169e-07
"Yellowfin Surgeonfish","H.discoidea.delta.wt.g - E.denticulatum.delta.wt.g",0.0893953886305678,0.033832013535064,0.150320496186749,0,1,0,0.803224745234249
"Yellowfin Surgeonfish","H.discoidea.delta.wt.g - G.salicornia.delta.wt.g",-0.0355150822337153,-0.107446578119842,0.0420003494166618,0.821,0.179,0,0.973561574127211
"Yellowfin Surgeonfish","A.spicifera.delta.wt.g - E.denticulatum.delta.wt.g",0.671039772820066,0.630973262928006,0.705763251190333,0,1,1,3.56709844995251e-09
"Yellowfin Surgeonfish","A.spicifera.delta.wt.g - G.salicornia.delta.wt.g",0.546129301955783,0.49093308481303,0.601624115135972,0,1,1,1.0318252482433e-06
"Yellowfin Surgeonfish","E.denticulatum.delta.wt.g - G.salicornia.delta.wt.g",-0.124910470864283,-0.180031433760257,-0.0689949994909586,1,0,0,0.571162780180005
